{
  "codebase": {
    "total_files": 9091,
    "total_lines": 3739618,
    "total_functions": 152629,
    "total_classes": 19289,
    "avg_lines_per_file": 411.3538664613354,
    "complexity_score": 1.0
  },
  "modules": {
    "pwmk/core/": {
      "files": 3,
      "lines": 643
    },
    "pwmk/agents/": {
      "files": 2,
      "lines": 125
    },
    "pwmk/planning/": {
      "files": 2,
      "lines": 220
    },
    "pwmk/quantum/": {
      "files": 11,
      "lines": 6592
    },
    "pwmk/optimization/": {
      "files": 9,
      "lines": 3844
    },
    "pwmk/security/": {
      "files": 5,
      "lines": 1427
    }
  },
  "file_structure": {
    "total_files": 29395,
    "total_size_mb": 1095.0347661972046,
    "file_types": {
      ".so": {
        "count": 67,
        "size": 534333739
      },
      "": {
        "count": 498,
        "size": 221608771
      },
      ".pyc": {
        "count": 9009,
        "size": 167549845
      },
      ".py": {
        "count": 9091,
        "size": 134749247
      },
      ".h": {
        "count": 9211,
        "size": 35995985
      }
    }
  },
  "benchmarks": {
    "sequential_time": 0.0013239383697509766,
    "concurrent_time": 0.009113550186157227,
    "sequential_throughput": 235407483.55123356,
    "concurrent_throughput": 34197979.2324395,
    "concurrency_speedup": 0.14527141922825376,
    "files_tested": 20
  },
  "overall": {
    "score": 0.6787726182690211,
    "status": "\ud83d\udd34 PERFORMANCE ISSUES"
  }
}